stream_id,name,capture_type,source_url,source_page_url,source_key,youtube_url,video_id,stoarama_url,city,region,country,country_code,location_text,timezone,utc_offset_hours,provider,runtime_status,recording_state,captures_success,survey_people,survey_vehicles,survey_sampled_at,source_warning,created_at,updated_at,scan_error,failure_class,recommended_action
15547,#ZAGREB #CROATIA LIVE CAM,youtube_watch,https://www.youtube.com/watch?v=ElW4dUFEpuE,https://www.youtube.com/watch?v=ElW4dUFEpuE,youtube:ElW4dUFEpuE,https://www.youtube.com/watch?v=ElW4dUFEpuE,ElW4dUFEpuE,https://stoarama.com/streams/15547,Zagreb,,Croatia,HR,"Zagreb, Croatia",,,YOUTUBE,,off,0,,,,,2026-03-21T22:50:30.824093Z,2026-07-07T07:20:34.91184Z,list index out of range,vod_or_non_dvr,run_vod_timestamp_scanner
15337,Animals of the Word | Multiple Live Cameras | Estonia |Checz Republic | Latvia | Africa| Stream #3,youtube_watch,https://www.youtube.com/watch?v=65CoIaa0S8E,https://www.youtube.com/watch?v=65CoIaa0S8E,youtube:65CoIaa0S8E,https://www.youtube.com/watch?v=65CoIaa0S8E,65CoIaa0S8E,https://stoarama.com/streams/15337,Nicosia,,Cyprus,CY,"Nicosia, Cyprus",,,YOUTUBE,,off,0,,,,,2026-03-21T22:31:48.382961Z,2026-07-07T07:19:51.744681Z,list index out of range,vod_or_non_dvr,run_vod_timestamp_scanner
15400,Baile Herculane live webcam from wwwBaileHerculaneRo,youtube_watch,https://www.youtube.com/watch?v=OdgFykD7ruc,https://www.youtube.com/watch?v=OdgFykD7ruc,youtube:OdgFykD7ruc,https://www.youtube.com/watch?v=OdgFykD7ruc,OdgFykD7ruc,https://stoarama.com/streams/15400,Quito,,Ecuador,EC,"Quito, Ecuador",,,YOUTUBE,,off,0,,,,,2026-03-21T22:37:27.713639Z,2026-07-07T07:20:03.633498Z,list index out of range,vod_or_non_dvr,run_vod_timestamp_scanner
15477,"Antigua, Guatemala En Vivo / Live Camera",youtube_watch,https://www.youtube.com/watch?v=3W0yKMCLiIs,https://www.youtube.com/watch?v=3W0yKMCLiIs,youtube:3W0yKMCLiIs,https://www.youtube.com/watch?v=3W0yKMCLiIs,3W0yKMCLiIs,https://stoarama.com/streams/15477,Guatemala City,,Guatemala,GT,"Guatemala City, Guatemala",,,YOUTUBE,,off,0,,,,,2026-03-21T22:44:26.145218Z,2026-07-07T07:20:20.083469Z,list index out of range,vod_or_non_dvr,run_vod_timestamp_scanner
15479,"Antigua, Guatemala En Vivo / Live Camera",youtube_watch,https://www.youtube.com/watch?v=7DmmMEeFtwg,https://www.youtube.com/watch?v=7DmmMEeFtwg,youtube:7DmmMEeFtwg,https://www.youtube.com/watch?v=7DmmMEeFtwg,7DmmMEeFtwg,https://stoarama.com/streams/15479,Guatemala City,,Guatemala,GT,"Guatemala City, Guatemala",,,YOUTUBE,,off,0,,,,,2026-03-21T22:44:36.198452Z,2026-07-07T07:20:20.596837Z,list index out of range,vod_or_non_dvr,run_vod_timestamp_scanner
15421,Hackaneck National Park [LIVE WEBCAM] – Ranger Stranger,youtube_watch,https://www.youtube.com/watch?v=ywbBnBTJIH8,https://www.youtube.com/watch?v=ywbBnBTJIH8,youtube:ywbBnBTJIH8,https://www.youtube.com/watch?v=ywbBnBTJIH8,ywbBnBTJIH8,https://stoarama.com/streams/15421,Quito,,Ecuador,EC,"Quito, Ecuador",,,YOUTUBE,,off,0,,,,,2026-03-21T22:39:17.34247Z,2026-07-07T07:20:08.305097Z,list index out of range,vod_or_non_dvr,run_vod_timestamp_scanner
3496,Concepción - Chile Live cam,youtube_watch,https://www.youtube.com/watch?v=RhdmP5017VM,https://www.skylinewebcams.com/en/webcam/chile/bio-bio/concepcion/panorama.html,youtube:RhdmP5017VM,https://www.youtube.com/watch?v=RhdmP5017VM,RhdmP5017VM,https://stoarama.com/streams/3496,Bío Bío / Concepción,,Chile,,Bío Bío / Concepción,,,SKYLINEWEBCAMS,,off,0,,,,,2026-03-21T17:06:30.854089Z,2026-07-07T06:41:52.111541Z,list index out of range,vod_or_non_dvr,run_vod_timestamp_scanner
11899,"Live Webcam from Petra ""The Treasury"" - Time Lapse",youtube_watch,https://www.youtube.com/watch?v=99so8QmsNYw,https://www.youtube.com/watch?v=99so8QmsNYw,youtube:99so8QmsNYw,https://www.youtube.com/watch?v=99so8QmsNYw,99so8QmsNYw,https://stoarama.com/streams/11899,Amman,,Jordan,JO,"Amman, Jordan",,,YOUTUBE,,off,0,,,,,2026-03-21T18:52:01.862946Z,2026-07-07T07:09:07.407157Z,list index out of range,vod_or_non_dvr,run_vod_timestamp_scanner
15302,"Live Camera Buenos Aires, Argentina/Obelisco - Tango",youtube_watch,https://www.youtube.com/watch?v=P1yXeYnPekQ,https://www.youtube.com/watch?v=P1yXeYnPekQ,youtube:P1yXeYnPekQ,https://www.youtube.com/watch?v=P1yXeYnPekQ,P1yXeYnPekQ,https://stoarama.com/streams/15302,Buenos Aires,,Argentina,AR,"Buenos Aires, Argentina",,,YOUTUBE,,off,0,,,,,2026-03-21T22:17:56.990735Z,2026-07-07T07:19:44.574339Z,list index out of range,vod_or_non_dvr,run_vod_timestamp_scanner
15512,Hong Kong's ONLY 24/7 LIVE camera from The Peak with Relaxing Smooth Jazz Coffee Shop Music,youtube_watch,https://www.youtube.com/watch?v=BcxfMD_TqmU,https://www.youtube.com/watch?v=BcxfMD_TqmU,youtube:BcxfMD_TqmU,https://www.youtube.com/watch?v=BcxfMD_TqmU,BcxfMD_TqmU,https://stoarama.com/streams/15512,Hong Kong,,Hong Kong,HK,"Hong Kong, Hong Kong",,,YOUTUBE,,off,0,,,,,2026-03-21T22:47:30.131031Z,2026-07-07T07:20:27.760823Z,list index out of range,vod_or_non_dvr,run_vod_timestamp_scanner
14816,Live Webcam Athens - Time Lapse,youtube_watch,https://www.youtube.com/watch?v=yJIp6pv3LY0,https://www.youtube.com/watch?v=yJIp6pv3LY0,youtube:yJIp6pv3LY0,https://www.youtube.com/watch?v=yJIp6pv3LY0,yJIp6pv3LY0,https://stoarama.com/streams/14816,Athens,,Greece,GR,"Athens, Greece",,,YOUTUBE,,off,0,,,,,2026-03-21T21:46:11.796441Z,2026-07-07T07:18:16.503929Z,list index out of range,vod_or_non_dvr,run_vod_timestamp_scanner
13142,Inside look at a webcam business Bogota Colombia,youtube_watch,https://www.youtube.com/watch?v=IhkNvstUK60,https://www.youtube.com/watch?v=IhkNvstUK60,youtube:IhkNvstUK60,https://www.youtube.com/watch?v=IhkNvstUK60,IhkNvstUK60,https://stoarama.com/streams/13142,Bogota,,Colombia,CO,"Bogota, Colombia",,,YOUTUBE,,off,0,,,,,2026-03-21T21:37:14.105529Z,2026-07-07T07:13:03.119866Z,list index out of range,vod_or_non_dvr,run_vod_timestamp_scanner
15023,Lima - Miraflores Live cam - PERU #livecamera #livestream #livenews #livestreetcameras #walkingtour,youtube_watch,https://www.youtube.com/watch?v=UwdghOblns0,https://www.youtube.com/watch?v=UwdghOblns0,youtube:UwdghOblns0,https://www.youtube.com/watch?v=UwdghOblns0,UwdghOblns0,https://stoarama.com/streams/15023,Lima,,Peru,PE,"Lima, Peru",,,YOUTUBE,,off,0,,,,,2026-03-21T21:58:41.891297Z,2026-07-07T07:18:54.402605Z,list index out of range,vod_or_non_dvr,run_vod_timestamp_scanner
11196,"Ledrium - Tobalaba, Apoquindo, Av. Providencia, Santiago, Chile, Live cam, en vivo, en directo",youtube_watch,https://www.youtube.com/watch?v=QeC2_TrhRm8,https://www.youtube.com/watch?v=QeC2_TrhRm8,youtube:QeC2_TrhRm8,https://www.youtube.com/watch?v=QeC2_TrhRm8,QeC2_TrhRm8,https://stoarama.com/streams/11196,Santiago,,Chile,CL,"Santiago, Chile",,,YOUTUBE,,off,0,,,,,2026-03-21T18:30:41.277422Z,2026-07-07T07:06:56.83864Z,list index out of range,vod_or_non_dvr,run_vod_timestamp_scanner
11845,LIVE | ZAGREB | CROATIA | LIVECAM,youtube_watch,https://www.youtube.com/watch?v=iRe3Rx0BHwM,https://www.youtube.com/watch?v=iRe3Rx0BHwM,youtube:iRe3Rx0BHwM,https://www.youtube.com/watch?v=iRe3Rx0BHwM,iRe3Rx0BHwM,https://stoarama.com/streams/11845,Zagreb,,Croatia,HR,"Zagreb, Croatia",,,YOUTUBE,,off,0,,,,,2026-03-21T18:51:14.276921Z,2026-07-07T07:08:57.759974Z,list index out of range,vod_or_non_dvr,run_vod_timestamp_scanner
15521,Hong Kong's ONLY 24/7 LIVE camera from The Peak with Relaxing Smooth Jazz Coffee Shop Music,youtube_watch,https://www.youtube.com/watch?v=MwJndi64PFA,https://www.youtube.com/watch?v=MwJndi64PFA,youtube:MwJndi64PFA,https://www.youtube.com/watch?v=MwJndi64PFA,MwJndi64PFA,https://stoarama.com/streams/15521,Hong Kong,,Hong Kong,HK,"Hong Kong, Hong Kong",,,YOUTUBE,,off,0,,,,,2026-03-21T22:48:17.841346Z,2026-07-07T07:20:29.513591Z,list index out of range,vod_or_non_dvr,run_vod_timestamp_scanner
11880,"Live webcam from Reykjavík, Iceland - Time Lapse",youtube_watch,https://www.youtube.com/watch?v=LQzVc0eOp9M,https://www.youtube.com/watch?v=LQzVc0eOp9M,youtube:LQzVc0eOp9M,https://www.youtube.com/watch?v=LQzVc0eOp9M,LQzVc0eOp9M,https://stoarama.com/streams/11880,Reykjavik,,Iceland,IS,"Reykjavik, Iceland",,,YOUTUBE,,off,0,,,,,2026-03-21T18:51:45.624939Z,2026-07-07T07:09:04.073642Z,list index out of range,vod_or_non_dvr,run_vod_timestamp_scanner
11865,LIVE CAMERA: Israel Retaliates in Beirut After Hezbollah Missile Barrage | Iran Vs US | Netanyahu,youtube_watch,https://www.youtube.com/watch?v=hZAkaqdgsNc,https://www.youtube.com/watch?v=hZAkaqdgsNc,youtube:hZAkaqdgsNc,https://www.youtube.com/watch?v=hZAkaqdgsNc,hZAkaqdgsNc,https://stoarama.com/streams/11865,Baghdad,,Iraq,IQ,"Baghdad, Iraq",,,YOUTUBE,,off,0,,,,,2026-03-21T18:51:32.64205Z,2026-07-07T07:09:01.436513Z,list index out of range,vod_or_non_dvr,run_vod_timestamp_scanner
11207,Pasos para montar un estudio webcam en Colombia,youtube_watch,https://www.youtube.com/watch?v=34d8Symev0M,https://www.youtube.com/watch?v=34d8Symev0M,youtube:34d8Symev0M,https://www.youtube.com/watch?v=34d8Symev0M,34d8Symev0M,https://stoarama.com/streams/11207,Bogota,,Colombia,CO,"Bogota, Colombia",,,YOUTUBE,,off,0,,,,,2026-03-21T18:30:51.246555Z,2026-07-07T07:06:58.75973Z,list index out of range,vod_or_non_dvr,run_vod_timestamp_scanner
3597,Navalagamella - Sandero Vivo Live cam,youtube_watch,https://www.youtube.com/watch?v=br3YDkn2gWg,https://www.skylinewebcams.com/en/webcam/espana/comunidad-de-madrid/madrid/sendero-vivo.html,youtube:br3YDkn2gWg,https://www.youtube.com/watch?v=br3YDkn2gWg,br3YDkn2gWg,https://stoarama.com/streams/3597,Community of Madrid / Madrid,,Espana,,Community of Madrid / Madrid,,,SKYLINEWEBCAMS,,off,0,,,,,2026-03-21T17:13:05.090305Z,2026-07-07T06:42:12.726258Z,list index out of range,vod_or_non_dvr,run_vod_timestamp_scanner
15358,Live NO 34: Ukraine live cameras |Live cameras | w sound #kiev #ukraine Stream #34,youtube_watch,https://www.youtube.com/watch?v=vW06unc-IXY,https://www.youtube.com/watch?v=vW06unc-IXY,youtube:vW06unc-IXY,https://www.youtube.com/watch?v=vW06unc-IXY,vW06unc-IXY,https://stoarama.com/streams/15358,Nicosia,,Cyprus,CY,"Nicosia, Cyprus",,,YOUTUBE,,off,0,,,,,2026-03-21T22:33:43.154763Z,2026-07-07T07:19:55.753838Z,list index out of range,vod_or_non_dvr,run_vod_timestamp_scanner
11742,Tirana Live Cam,youtube_watch,https://www.youtube.com/watch?v=LGLgxijr_dY,https://www.youtube.com/watch?v=LGLgxijr_dY,youtube:LGLgxijr_dY,https://www.youtube.com/watch?v=LGLgxijr_dY,LGLgxijr_dY,https://stoarama.com/streams/11742,Tirana,,Albania,AL,"Tirana, Albania",,,YOUTUBE,,off,0,,,,,2026-03-21T18:38:56.568167Z,2026-07-07T07:08:38.891643Z,list index out of range,vod_or_non_dvr,run_vod_timestamp_scanner
15211,Ukraine Live Camera View #Ukraine #Kyiv,youtube_watch,https://www.youtube.com/watch?v=AB-xmARY-ys,https://www.youtube.com/watch?v=AB-xmARY-ys,youtube:AB-xmARY-ys,https://www.youtube.com/watch?v=AB-xmARY-ys,AB-xmARY-ys,https://stoarama.com/streams/15211,Kyiv,,Ukraine,UA,"Kyiv, Ukraine",,,YOUTUBE,,off,0,,,,,2026-03-21T22:11:03.096628Z,2026-07-07T07:19:28.319642Z,list index out of range,vod_or_non_dvr,run_vod_timestamp_scanner
11156,Programação Rádio 80FM - ao vivo - Live Cam São Paulo - Brazil,youtube_watch,https://www.youtube.com/watch?v=RaHtbaMWUZ0,https://www.youtube.com/watch?v=RaHtbaMWUZ0,youtube:RaHtbaMWUZ0,https://www.youtube.com/watch?v=RaHtbaMWUZ0,RaHtbaMWUZ0,https://stoarama.com/streams/11156,Sao Paulo,,Brazil,BR,"Sao Paulo, Brazil",,,YOUTUBE,,off,0,,,,,2026-03-21T18:30:04.261967Z,2026-07-07T07:06:49.323714Z,list index out of range,vod_or_non_dvr,run_vod_timestamp_scanner
15416,2021-08-05 Arillas Corfu Live Webcam,youtube_watch,https://www.youtube.com/watch?v=qACxV6iA12o,https://www.youtube.com/watch?v=qACxV6iA12o,youtube:qACxV6iA12o,https://www.youtube.com/watch?v=qACxV6iA12o,qACxV6iA12o,https://stoarama.com/streams/15416,Quito,,Ecuador,EC,"Quito, Ecuador",,,YOUTUBE,,off,0,,,,,2026-03-21T22:38:51.994605Z,2026-07-07T07:20:06.968338Z,list index out of range,vod_or_non_dvr,run_vod_timestamp_scanner
12233,Hikvision Live Camera,youtube_watch,https://www.youtube.com/watch?v=u_3M59HDSFw,https://www.youtube.com/watch?v=u_3M59HDSFw,youtube:u_3M59HDSFw,https://www.youtube.com/watch?v=u_3M59HDSFw,u_3M59HDSFw,https://stoarama.com/streams/12233,Skopje,,North Macedonia,MK,"Skopje, North Macedonia",,,YOUTUBE,,off,0,,,,,2026-03-21T18:57:24.550895Z,2026-07-07T07:10:10.980791Z,list index out of range,vod_or_non_dvr,run_vod_timestamp_scanner
11530,Best Webcam for Laptop and PC | Best Webcam under 5000 | Web Camera for Streaming,youtube_watch,https://www.youtube.com/watch?v=0vFeh4pvZuA,https://www.youtube.com/watch?v=0vFeh4pvZuA,youtube:0vFeh4pvZuA,https://www.youtube.com/watch?v=0vFeh4pvZuA,0vFeh4pvZuA,https://stoarama.com/streams/11530,Karachi,,Pakistan,PK,"Karachi, Pakistan",,,YOUTUBE,,off,0,,,,,2026-03-21T18:36:00.268493Z,2026-07-07T07:07:59.86382Z,list index out of range,vod_or_non_dvr,run_vod_timestamp_scanner
12193,BUDVA.webcam daily time-lapse 2016.07.27. Perfect sunny day,youtube_watch,https://www.youtube.com/watch?v=a_zoZUlIreM,https://www.youtube.com/watch?v=a_zoZUlIreM,youtube:a_zoZUlIreM,https://www.youtube.com/watch?v=a_zoZUlIreM,a_zoZUlIreM,https://stoarama.com/streams/12193,Podgorica,,Montenegro,ME,"Podgorica, Montenegro",,,YOUTUBE,,off,0,,,,,2026-03-21T18:56:49.685937Z,2026-07-07T07:10:03.467352Z,list index out of range,vod_or_non_dvr,run_vod_timestamp_scanner
15478,"Antigua, Guatemala En Vivo / Live Camera",youtube_watch,https://www.youtube.com/watch?v=4gokatKHirQ,https://www.youtube.com/watch?v=4gokatKHirQ,youtube:4gokatKHirQ,https://www.youtube.com/watch?v=4gokatKHirQ,4gokatKHirQ,https://stoarama.com/streams/15478,Guatemala City,,Guatemala,GT,"Guatemala City, Guatemala",,,YOUTUBE,,off,0,,,,,2026-03-21T22:44:31.155273Z,2026-07-07T07:20:20.346675Z,list index out of range,vod_or_non_dvr,run_vod_timestamp_scanner
11592,Bunker Hill Monument: Live 360 Webcam,youtube_watch,https://www.youtube.com/watch?v=MmvSS4Cvu-I,https://www.youtube.com/watch?v=MmvSS4Cvu-I,youtube:MmvSS4Cvu-I,https://www.youtube.com/watch?v=MmvSS4Cvu-I,MmvSS4Cvu-I,https://stoarama.com/streams/11592,Ulaanbaatar,,Mongolia,MN,"Ulaanbaatar, Mongolia",,,YOUTUBE,,off,0,,,,,2026-03-21T18:36:52.047063Z,2026-07-07T07:08:10.947631Z,list index out of range,vod_or_non_dvr,run_vod_timestamp_scanner
11842,Sofia Vlog Girl Cutest Webcam live show chat Vlog Cute Sofia Vlog Girl Webcam li,youtube_watch,https://www.youtube.com/watch?v=M8LvcQaYpVw,https://www.youtube.com/watch?v=M8LvcQaYpVw,youtube:M8LvcQaYpVw,https://www.youtube.com/watch?v=M8LvcQaYpVw,M8LvcQaYpVw,https://stoarama.com/streams/11842,Sofia,,Bulgaria,BG,"Sofia, Bulgaria",,,YOUTUBE,,off,0,,,,,2026-03-21T18:40:23.706841Z,2026-07-07T07:08:57.192138Z,list index out of range,vod_or_non_dvr,run_vod_timestamp_scanner
12199,BUDVA.webcam daily time-lapse 2016.07.31. Perfect sunny day,youtube_watch,https://www.youtube.com/watch?v=qpSVzqLhjtY,https://www.youtube.com/watch?v=qpSVzqLhjtY,youtube:qpSVzqLhjtY,https://www.youtube.com/watch?v=qpSVzqLhjtY,qpSVzqLhjtY,https://stoarama.com/streams/12199,Podgorica,,Montenegro,ME,"Podgorica, Montenegro",,,YOUTUBE,,off,0,,,,,2026-03-21T18:56:54.227941Z,2026-07-07T07:10:04.511319Z,list index out of range,vod_or_non_dvr,run_vod_timestamp_scanner
12080,4K🔥 Klaipeda Live Camera⚜️2026 New Year,youtube_watch,https://www.youtube.com/watch?v=YEUO2SaJpso,https://www.youtube.com/watch?v=YEUO2SaJpso,youtube:YEUO2SaJpso,https://www.youtube.com/watch?v=YEUO2SaJpso,YEUO2SaJpso,https://stoarama.com/streams/12080,Vilnius,,Lithuania,LT,"Vilnius, Lithuania",,,YOUTUBE,,off,0,,,,,2026-03-21T18:55:17.076387Z,2026-07-07T07:09:42.503001Z,list index out of range,vod_or_non_dvr,run_vod_timestamp_scanner
4201,Honeymoon Beach - St. John Live cam,youtube_watch,https://www.youtube.com/watch?v=ZQ5OqjssArE,https://www.skylinewebcams.com/en/webcam/us-virgin-islands/saint-john/honeymoon-beach/honeymoon-beach.html,youtube:ZQ5OqjssArE,https://www.youtube.com/watch?v=ZQ5OqjssArE,ZQ5OqjssArE,https://stoarama.com/streams/4201,Saint John / Honeymoon Beach,,Us Virgin Islands,,Saint John / Honeymoon Beach,,,SKYLINEWEBCAMS,,off,0,,,,,2026-03-21T17:40:39.22891Z,2026-07-07T06:44:07.014739Z,list index out of range,vod_or_non_dvr,run_vod_timestamp_scanner
12175,"Podgorica live camera, Montenegro",youtube_watch,https://www.youtube.com/watch?v=1MRDxYrV6Ek,https://www.youtube.com/watch?v=1MRDxYrV6Ek,youtube:1MRDxYrV6Ek,https://www.youtube.com/watch?v=1MRDxYrV6Ek,1MRDxYrV6Ek,https://stoarama.com/streams/12175,Podgorica,,Montenegro,ME,"Podgorica, Montenegro",,,YOUTUBE,,off,0,,,,,2026-03-21T18:56:35.015172Z,2026-07-07T07:10:00.157894Z,list index out of range,vod_or_non_dvr,run_vod_timestamp_scanner
12273,"Street Live Cam. Rocha, Uruguay.",youtube_watch,https://www.youtube.com/watch?v=IdEqId5Yhvc,https://www.youtube.com/watch?v=IdEqId5Yhvc,youtube:IdEqId5Yhvc,https://www.youtube.com/watch?v=IdEqId5Yhvc,IdEqId5Yhvc,https://stoarama.com/streams/12273,Montevideo,,Uruguay,UY,"Montevideo, Uruguay",,,YOUTUBE,,off,0,,,,,2026-03-21T19:08:11.510061Z,2026-07-07T07:10:18.317109Z,list index out of range,vod_or_non_dvr,run_vod_timestamp_scanner
11460,"LIVE cam / Chow kit, Kuala Lumpur, Malaysia 8 Mar 2021 night",youtube_watch,https://www.youtube.com/watch?v=yQmXx_1It_U,https://www.youtube.com/watch?v=yQmXx_1It_U,youtube:yQmXx_1It_U,https://www.youtube.com/watch?v=yQmXx_1It_U,yQmXx_1It_U,https://stoarama.com/streams/11460,Kuala Lumpur,,Malaysia,MY,"Kuala Lumpur, Malaysia",,,YOUTUBE,,off,0,,,,,2026-03-21T18:34:30.751328Z,2026-07-07T07:07:47.511686Z,list index out of range,vod_or_non_dvr,run_vod_timestamp_scanner
15651,Valletta Part of Main Street Live cam,youtube_watch,https://www.youtube.com/watch?v=kzQ1wFyC5TI,https://www.youtube.com/watch?v=kzQ1wFyC5TI,youtube:kzQ1wFyC5TI,https://www.youtube.com/watch?v=kzQ1wFyC5TI,kzQ1wFyC5TI,https://stoarama.com/streams/15651,Valletta,,Malta,MT,"Valletta, Malta",,,YOUTUBE,,off,0,,,,,2026-03-21T22:59:50.775917Z,2026-07-07T07:20:55.566897Z,list index out of range,vod_or_non_dvr,run_vod_timestamp_scanner
10940,"Live Camera Buenos Aires, Argentina/Obelisco - Tango",youtube_watch,https://www.youtube.com/watch?v=cKba5JJoxR4,https://www.youtube.com/watch?v=cKba5JJoxR4,youtube:cKba5JJoxR4,https://www.youtube.com/watch?v=cKba5JJoxR4,cKba5JJoxR4,https://stoarama.com/streams/10940,Buenos Aires,,Argentina,AR,"Buenos Aires, Argentina",,,YOUTUBE,,off,0,,,,,2026-03-21T18:06:26.173806Z,2026-07-07T07:06:08.018832Z,list index out of range,vod_or_non_dvr,run_vod_timestamp_scanner
11211,I FELL IN LOVE WITH A WEBCAM GIRL IN COLOMBIA,youtube_watch,https://www.youtube.com/watch?v=IYighyvRmig,https://www.youtube.com/watch?v=IYighyvRmig,youtube:IYighyvRmig,https://www.youtube.com/watch?v=IYighyvRmig,IYighyvRmig,https://stoarama.com/streams/11211,Bogota,,Colombia,CO,"Bogota, Colombia",,,YOUTUBE,,off,0,,,,,2026-03-21T18:30:54.713679Z,2026-07-07T07:06:59.567863Z,list index out of range,vod_or_non_dvr,run_vod_timestamp_scanner
14982,"Live webcams in #Cancún, Quintana Roo, Mexico",youtube_watch,https://www.youtube.com/watch?v=3i91E_MbY2s,https://www.youtube.com/watch?v=3i91E_MbY2s,youtube:3i91E_MbY2s,https://www.youtube.com/watch?v=3i91E_MbY2s,3i91E_MbY2s,https://stoarama.com/streams/14982,Mexico City,,Mexico,MX,"Mexico City, Mexico",,,YOUTUBE,,off,0,,,,,2026-03-21T21:56:07.338865Z,2026-07-07T07:18:47.256089Z,list index out of range,vod_or_non_dvr,run_vod_timestamp_scanner
15353,Replay-Ukraine live cameras |Live cameras | w sound #kharkiv #kiev #ukraine Stream #124,youtube_watch,https://www.youtube.com/watch?v=gueVTVsNjjM,https://www.youtube.com/watch?v=gueVTVsNjjM,youtube:gueVTVsNjjM,https://www.youtube.com/watch?v=gueVTVsNjjM,gueVTVsNjjM,https://stoarama.com/streams/15353,Nicosia,,Cyprus,CY,"Nicosia, Cyprus",,,YOUTUBE,,off,0,,,,,2026-03-21T22:33:13.004218Z,2026-07-07T07:19:54.69127Z,list index out of range,vod_or_non_dvr,run_vod_timestamp_scanner
10941,"Live Camera Buenos Aires, Argentina/Obelisco - Tango",youtube_watch,https://www.youtube.com/watch?v=cPUZ-oJ-Hjk,https://www.youtube.com/watch?v=cPUZ-oJ-Hjk,youtube:cPUZ-oJ-Hjk,https://www.youtube.com/watch?v=cPUZ-oJ-Hjk,cPUZ-oJ-Hjk,https://stoarama.com/streams/10941,Buenos Aires,,Argentina,AR,"Buenos Aires, Argentina",,,YOUTUBE,,off,0,,,,,2026-03-21T18:06:26.824402Z,2026-07-07T07:06:08.185526Z,list index out of range,vod_or_non_dvr,run_vod_timestamp_scanner
15360,Santo Domingo Webcam.,youtube_watch,https://www.youtube.com/watch?v=0rggnkcnoyE,https://www.youtube.com/watch?v=0rggnkcnoyE,youtube:0rggnkcnoyE,https://www.youtube.com/watch?v=0rggnkcnoyE,0rggnkcnoyE,https://stoarama.com/streams/15360,Santo Domingo,,Dominican Republic,DO,"Santo Domingo, Dominican Republic",,,YOUTUBE,,off,0,,,,,2026-03-21T22:33:53.629552Z,2026-07-07T07:19:56.145621Z,list index out of range,vod_or_non_dvr,run_vod_timestamp_scanner
15418,Festival Live Webcam,youtube_watch,https://www.youtube.com/watch?v=rocN3TkrZlo,https://www.youtube.com/watch?v=rocN3TkrZlo,youtube:rocN3TkrZlo,https://www.youtube.com/watch?v=rocN3TkrZlo,rocN3TkrZlo,https://stoarama.com/streams/15418,Quito,,Ecuador,EC,"Quito, Ecuador",,,YOUTUBE,,off,0,,,,,2026-03-21T22:39:01.800161Z,2026-07-07T07:20:07.506044Z,list index out of range,vod_or_non_dvr,run_vod_timestamp_scanner
11461,Scammers React After I Turn ON Their Webcam!,youtube_watch,https://www.youtube.com/watch?v=4lHAyiUuckY,https://www.youtube.com/watch?v=4lHAyiUuckY,youtube:4lHAyiUuckY,https://www.youtube.com/watch?v=4lHAyiUuckY,4lHAyiUuckY,https://stoarama.com/streams/11461,Lagos,,Nigeria,NG,"Lagos, Nigeria",,,YOUTUBE,,off,0,,,,,2026-03-21T18:34:31.194946Z,2026-07-07T07:07:47.674432Z,list index out of range,vod_or_non_dvr,run_vod_timestamp_scanner
11186,Zürich Live Webcam - Livecam Zurich Switzerland (near by Airport Zurich),youtube_watch,https://www.youtube.com/watch?v=LJTmUn-nhg0,https://www.youtube.com/watch?v=LJTmUn-nhg0,youtube:LJTmUn-nhg0,https://www.youtube.com/watch?v=LJTmUn-nhg0,LJTmUn-nhg0,https://stoarama.com/streams/11186,Zurich,,Switzerland,CH,"Zurich, Switzerland",,,YOUTUBE,,off,0,,,,,2026-03-21T18:30:30.783494Z,2026-07-07T07:06:55.07632Z,list index out of range,vod_or_non_dvr,run_vod_timestamp_scanner
11848,Zagreb 29.12.2020 Earthquake 6.2- LIVE CAM potres uživo- FULL HD,youtube_watch,https://www.youtube.com/watch?v=qhjxU18gBKE,https://www.youtube.com/watch?v=qhjxU18gBKE,youtube:qhjxU18gBKE,https://www.youtube.com/watch?v=qhjxU18gBKE,qhjxU18gBKE,https://stoarama.com/streams/11848,Zagreb,,Croatia,HR,"Zagreb, Croatia",,,YOUTUBE,,off,0,,,,,2026-03-21T18:51:17.280044Z,2026-07-07T07:08:58.297737Z,list index out of range,vod_or_non_dvr,run_vod_timestamp_scanner
11718,Horrific attack on Clifton 4th beach captured by webcam | Group fight using poles as weapons,youtube_watch,https://www.youtube.com/watch?v=7Qr0dyAx6l8,https://www.youtube.com/watch?v=7Qr0dyAx6l8,youtube:7Qr0dyAx6l8,https://www.youtube.com/watch?v=7Qr0dyAx6l8,7Qr0dyAx6l8,https://stoarama.com/streams/11718,Cape Town,,South Africa,ZA,"Cape Town, South Africa",,,YOUTUBE,,off,0,,,,,2026-03-21T18:38:39.775042Z,2026-07-07T07:08:34.360809Z,list index out of range,vod_or_non_dvr,run_vod_timestamp_scanner
11877,Live Webcam Reykjavík - Time Lapse,youtube_watch,https://www.youtube.com/watch?v=DwwN8Oav_IM,https://www.youtube.com/watch?v=DwwN8Oav_IM,youtube:DwwN8Oav_IM,https://www.youtube.com/watch?v=DwwN8Oav_IM,DwwN8Oav_IM,https://stoarama.com/streams/11877,Reykjavik,,Iceland,IS,"Reykjavik, Iceland",,,YOUTUBE,,off,0,,,,,2026-03-21T18:51:43.141431Z,2026-07-07T07:09:03.543077Z,list index out of range,vod_or_non_dvr,run_vod_timestamp_scanner
11817,"Live Cameras, Lake Modrac, Bosnia",youtube_watch,https://www.youtube.com/watch?v=KC1IY9cxe8w,https://www.youtube.com/watch?v=KC1IY9cxe8w,youtube:KC1IY9cxe8w,https://www.youtube.com/watch?v=KC1IY9cxe8w,KC1IY9cxe8w,https://stoarama.com/streams/11817,Sarajevo,,Bosnia and Herzegovina,BA,"Sarajevo, Bosnia and Herzegovina",,,YOUTUBE,,off,0,,,,,2026-03-21T18:39:53.977222Z,2026-07-07T07:08:52.532011Z,list index out of range,vod_or_non_dvr,run_vod_timestamp_scanner
11661,Ukraine Live Camera 🔴 ALL CAMERAS #Kiev #Kyiv #Ukraine LIVE: View,youtube_watch,https://www.youtube.com/watch?v=2_2HSrdVDSI,https://www.youtube.com/watch?v=2_2HSrdVDSI,youtube:2_2HSrdVDSI,https://www.youtube.com/watch?v=2_2HSrdVDSI,2_2HSrdVDSI,https://stoarama.com/streams/11661,Kyiv,,Ukraine,UA,"Kyiv, Ukraine",,,YOUTUBE,,off,0,,,,,2026-03-21T18:37:52.750218Z,2026-07-07T07:08:23.886663Z,list index out of range,vod_or_non_dvr,run_vod_timestamp_scanner
4013,Honolulu - Hawaii Live cam,youtube_watch,https://www.youtube.com/watch?v=WIUg8wzhq1g,https://www.skylinewebcams.com/en/webcam/united-states/hawaii/honolulu/honolulu.html,youtube:WIUg8wzhq1g,https://www.youtube.com/watch?v=WIUg8wzhq1g,WIUg8wzhq1g,https://stoarama.com/streams/4013,Hawaii / Honolulu,,United States,,Hawaii / Honolulu,,,SKYLINEWEBCAMS,,off,0,,,,,2026-03-21T17:35:06.215789Z,2026-07-07T06:43:31.893491Z,list index out of range,vod_or_non_dvr,run_vod_timestamp_scanner
4122,New York Skyline Live cam,youtube_watch,https://www.youtube.com/watch?v=dxY_oYicLm4,https://www.skylinewebcams.com/en/webcam/united-states/new-york/new-york/skyline-new-york.html,youtube:dxY_oYicLm4,https://www.youtube.com/watch?v=dxY_oYicLm4,dxY_oYicLm4,https://stoarama.com/streams/4122,New York / New York,,United States,,New York / New York,,,SKYLINEWEBCAMS,,off,0,,,,,2026-03-21T17:38:26.523207Z,2026-07-07T06:43:52.00543Z,list index out of range,vod_or_non_dvr,run_vod_timestamp_scanner
1807,Webcam Sydney Australia 4K60 HDR Live Stream,youtube_watch,https://www.youtube.com/watch?v=8ZblGvNU4S4,https://www.youtube.com/watch?v=8ZblGvNU4S4,youtube:8ZblGvNU4S4,https://www.youtube.com/watch?v=8ZblGvNU4S4,8ZblGvNU4S4,https://stoarama.com/streams/1807,sydney,,,,sydney,,,YOUTUBE,,off,1,,,,,2026-03-21T16:46:57.399421Z,2026-07-07T06:36:13.597911Z,list index out of range,vod_or_non_dvr,run_vod_timestamp_scanner
15245,Bryant Park Webcam,youtube_watch,https://www.youtube.com/watch?v=XDgu2VKXM3s,https://www.youtube.com/watch?v=XDgu2VKXM3s,youtube:XDgu2VKXM3s,https://www.youtube.com/watch?v=XDgu2VKXM3s,XDgu2VKXM3s,https://stoarama.com/streams/15245,New York,,United States,US,"New York, United States",,,YOUTUBE,,off,0,,,,,2026-03-21T22:13:28.348013Z,2026-07-07T07:19:34.429155Z,list index out of range,vod_or_non_dvr,run_vod_timestamp_scanner
11234,prague airport live camera 24/7,youtube_watch,https://www.youtube.com/watch?v=rL6VNOMwnAo,https://www.youtube.com/watch?v=rL6VNOMwnAo,youtube:rL6VNOMwnAo,https://www.youtube.com/watch?v=rL6VNOMwnAo,rL6VNOMwnAo,https://stoarama.com/streams/11234,Prague,,Czech Republic,CZ,"Prague, Czech Republic",,,YOUTUBE,,off,0,,,,,2026-03-21T18:31:12.02855Z,2026-07-07T07:07:04.362834Z,list index out of range,vod_or_non_dvr,run_vod_timestamp_scanner
11697,5 Live Webcams to Explore New York City,youtube_watch,https://www.youtube.com/watch?v=ncMMTNvYyvI,https://www.youtube.com/watch?v=ncMMTNvYyvI,youtube:ncMMTNvYyvI,https://www.youtube.com/watch?v=ncMMTNvYyvI,ncMMTNvYyvI,https://stoarama.com/streams/11697,New York,,United States,US,"New York, United States",,,YOUTUBE,,off,0,,,,,2026-03-21T18:38:24.526728Z,2026-07-07T07:08:30.507834Z,list index out of range,vod_or_non_dvr,run_vod_timestamp_scanner
15237,"🔴@WalkingLondon_ LONDON LIVE CAMERA,Covent Garden, ChinaTown,Leicester Square,Piccadilly Circus",youtube_watch,https://www.youtube.com/watch?v=v_9g7W9oOvM,https://www.youtube.com/watch?v=v_9g7W9oOvM,youtube:v_9g7W9oOvM,https://www.youtube.com/watch?v=v_9g7W9oOvM,v_9g7W9oOvM,https://stoarama.com/streams/15237,London,,United Kingdom,UK,"London, United Kingdom",,,YOUTUBE,,off,0,,,,,2026-03-21T22:12:57.454738Z,2026-07-07T07:19:33.035743Z,list index out of range,vod_or_non_dvr,run_vod_timestamp_scanner

